{"cameraMode":{"drawMode":0,"name":"Shaded","section":"Shading Mode"},"sceneLighting":false,"audioPlay":false,"sceneViewState":{"m_AlwaysRefresh":false,"showFog":true,"showSkybox":false,"showFlares":true,"showImageEffects":true,"showParticleSystems":true,"showVisualEffectGraphs":true,"m_FxEnabled":true},"in2DMode":false,"pivot":{"x":-0.6179680228233337,"y":0.1164812371134758,"z":-0.3982182741165161},"rotation":{"x":0.31122663617134097,"y":-0.17902302742004395,"z":0.059812624007463458,"w":0.9313507080078125},"size":0.2650728225708008,"orthographic":false}