{"cameraMode":{"drawMode":0,"name":"Shaded","section":"Shading Mode"},"sceneLighting":false,"audioPlay":false,"sceneViewState":{"m_AlwaysRefresh":false,"showFog":true,"showSkybox":false,"showFlares":true,"showImageEffects":true,"showParticleSystems":true,"showVisualEffectGraphs":true,"m_FxEnabled":true},"in2DMode":false,"pivot":{"x":-0.1422949582338333,"y":0.5326504707336426,"z":-0.5694164037704468},"rotation":{"x":0.3361476957798004,"y":0.057870764285326007,"z":-0.020699182525277139,"w":0.9398013353347778},"size":0.31272614002227785,"orthographic":false}