{"cameraMode":{"drawMode":0,"name":"Shaded","section":"Shading Mode"},"sceneLighting":false,"audioPlay":false,"sceneViewState":{"m_AlwaysRefresh":false,"showFog":true,"showSkybox":false,"showFlares":true,"showImageEffects":true,"showParticleSystems":true,"showVisualEffectGraphs":true,"m_FxEnabled":true},"in2DMode":false,"pivot":{"x":0.45732414722442629,"y":3.7907862663269045,"z":2.877135753631592},"rotation":{"x":0.3955739438533783,"y":-0.30510568618774416,"z":0.14120319485664369,"w":0.8546110987663269},"size":4.296625137329102,"orthographic":false}