{"cameraMode":{"drawMode":0,"name":"Shaded","section":"Shading Mode"},"sceneLighting":true,"audioPlay":false,"sceneViewState":{"m_AlwaysRefresh":false,"showFog":true,"showSkybox":true,"showFlares":true,"showImageEffects":true,"showParticleSystems":true,"showVisualEffectGraphs":true,"m_FxEnabled":true},"in2DMode":false,"pivot":{"x":20.36634635925293,"y":0.5358247756958008,"z":-10.01043701171875},"rotation":{"x":0.0069448500871658329,"y":-0.8501438498497009,"z":-0.011212939396500588,"w":-0.5263816714286804},"size":12.361185073852539,"orthographic":false}