{"cameraMode":{"drawMode":0,"name":"Shaded","section":"Shading Mode"},"sceneLighting":true,"audioPlay":false,"sceneViewState":{"m_AlwaysRefresh":false,"showFog":true,"showSkybox":true,"showFlares":true,"showImageEffects":true,"showParticleSystems":true,"showVisualEffectGraphs":true,"m_FxEnabled":true},"in2DMode":false,"pivot":{"x":0.2701433002948761,"y":0.6154434084892273,"z":2.5284957885742189},"rotation":{"x":0.26035377383232119,"y":-0.2678731083869934,"z":0.07542477548122406,"w":0.9245179891586304},"size":0.8660253882408142,"orthographic":false}